{"xy_sens": 16.5, "targeting_sens": 16.5, "xy_scale": 0.6060606060606061, "targeting_scale": 3.6730945821854912}